depth1_name,depth1_code,depth2_name,depth2_code,depth3_name,dpeth3_code,parameter1,parameter2,parameter3교양/교직/군사학,01,핵심교양(영역1) 글쓰기(1-①),1211,,,search_open_yr_trm,search_subj_area_cde,교양/교직/군사학,01,핵심교양(영역1) 실용영어(1-②),1212,,,search_open_yr_trm,search_subj_area_cde,교양/교직/군사학,01,핵심교양(영역1) 수리(1-③),1213,,,search_open_yr_trm,search_subj_area_cde,교양/교직/군사학,01,핵심교양(영역1) 언어와 문학(1-④),1201,,,search_open_yr_trm,search_subj_area_cde,교양/교직/군사학,01,핵심교양(영역1) 사상과가치(1-⑤),1202,,,search_open_yr_trm,search_subj_area_cde,교양/교직/군사학,01,핵심교양(영역1) 역사와문화(1-⑥),1203,,,search_open_yr_trm,search_subj_area_cde,교양/교직/군사학,01,핵심교양(영역1) 사회와제도(1-⑦),1204,,,search_open_yr_trm,search_subj_area_cde,교양/교직/군사학,01,핵심교양(영역1) 자연과환경(1-⑧),1205,,,search_open_yr_trm,search_subj_area_cde,교양/교직/군사학,01,핵심교양(영역1) 기초과학(1-⑨),1206,,,search_open_yr_trm,search_subj_area_cde,교양/교직/군사학,01,핵심교양(영역1) 외국어(1-⑩),1207,,,search_open_yr_trm,search_subj_area_cde,교양/교직/군사학,01,일반교양(영역2),13,,,search_open_yr_trm,search_subj_area_cde,교양/교직/군사학,01,교직과목,07,,,search_open_yr_trm,search_subj_div_cde,교양/교직/군사학,01,군사학,46,,,search_open_yr_trm,search_subj_div_cde,대학,02,인문대학,11,국어국문학과 ,1101,search_open_yr_trm,sub,search_open_crse_cde대학,02,인문대학,11,영어영문학과 ,1102,search_open_yr_trm,sub,search_open_crse_cde대학,02,인문대학,11,불어불문학과 ,1103,search_open_yr_trm,sub,search_open_crse_cde대학,02,인문대학,11,독어독문학과 ,1104,search_open_yr_trm,sub,search_open_crse_cde대학,02,인문대학,11,중어중문학과 ,1105,search_open_yr_trm,sub,search_open_crse_cde대학,02,인문대학,11,사학과 ,1106,search_open_yr_trm,sub,search_open_crse_cde대학,02,인문대학,11,철학과 ,1107,search_open_yr_trm,sub,search_open_crse_cde대학,02,인문대학,11,고고인류학과 ,1108,search_open_yr_trm,sub,search_open_crse_cde대학,02,인문대학,11,일어일문학과 ,1109,search_open_yr_trm,sub,search_open_crse_cde대학,02,인문대학,11,한문학과 ,110A,search_open_yr_trm,sub,search_open_crse_cde대학,02,인문대학,11,노어노문학과 ,110B,search_open_yr_trm,sub,search_open_crse_cde대학,02,사회과학대학,12,정치외교학과 ,1201,search_open_yr_trm,sub,search_open_crse_cde대학,02,사회과학대학,12,사회학과 ,1202,search_open_yr_trm,sub,search_open_crse_cde대학,02,사회과학대학,12,지리학과 ,1203,search_open_yr_trm,sub,search_open_crse_cde대학,02,사회과학대학,12,문헌정보학과 ,1204,search_open_yr_trm,sub,search_open_crse_cde대학,02,사회과학대학,12,심리학과 ,1205,search_open_yr_trm,sub,search_open_crse_cde대학,02,사회과학대학,12,사회복지학과 ,1206,search_open_yr_trm,sub,search_open_crse_cde대학,02,사회과학대학,12,신문방송학과 ,1207,search_open_yr_trm,sub,search_open_crse_cde대학,02,사회과학대학,12,사회복지학부 ,1209,search_open_yr_trm,sub,search_open_crse_cde대학,02,사회과학대학,12,디지털정보관리융합전공 ,120A,search_open_yr_trm,sub,search_open_crse_cde대학,02,사회과학대학,12,IT정치융합전공 ,120B,search_open_yr_trm,sub,search_open_crse_cde대학,02,자연과학대학,13,수학과 ,1301,search_open_yr_trm,sub,search_open_crse_cde대학,02,자연과학대학,13,화학과 ,1302,search_open_yr_trm,sub,search_open_crse_cde대학,02,자연과학대학,13,지질학과 ,1303,search_open_yr_trm,sub,search_open_crse_cde대학,02,자연과학대학,13,통계학과 ,1304,search_open_yr_trm,sub,search_open_crse_cde대학,02,자연과학대학,13,천문대기과학과 ,1305,search_open_yr_trm,sub,search_open_crse_cde대학,02,자연과학대학,13,생명과학부 ,1307,search_open_yr_trm,sub,search_open_crse_cde대학,02,자연과학대학,13,생명과학부 생물학전공,130701,search_open_yr_trm,sub,search_open_crse_cde대학,02,자연과학대학,13,생명과학부 생명공학전공,130705,search_open_yr_trm,sub,search_open_crse_cde대학,02,자연과학대학,13,물리학과 ,130A,search_open_yr_trm,sub,search_open_crse_cde대학,02,자연과학대학,13,지구시스템과학부 ,130Q,search_open_yr_trm,sub,search_open_crse_cde대학,02,자연과학대학,13,지구시스템과학부 지질학전공,130Q01,search_open_yr_trm,sub,search_open_crse_cde대학,02,자연과학대학,13,지구시스템과학부 천문대기과학전공,130Q02,search_open_yr_trm,sub,search_open_crse_cde대학,02,자연과학대학,13,지구시스템과학부 해양학전공,130Q03,search_open_yr_trm,sub,search_open_crse_cde대학,02,자연과학대학,13,물리.화학.생물 융합전공 ,130R,search_open_yr_trm,sub,search_open_crse_cde대학,02,경상대학,14,경영학부 ,1403,search_open_yr_trm,sub,search_open_crse_cde대학,02,경상대학,14,경영학부 A,1403001,search_open_yr_trm,sub,search_open_crse_cde대학,02,경상대학,14,경영학부 B,1403002,search_open_yr_trm,sub,search_open_crse_cde대학,02,경상대학,14,경영학부 C,1403003,search_open_yr_trm,sub,search_open_crse_cde대학,02,경상대학,14,경영학부 경영학전공,140301,search_open_yr_trm,sub,search_open_crse_cde대학,02,경상대학,14,경영학부 회계학전공,140302,search_open_yr_trm,sub,search_open_crse_cde대학,02,경상대학,14,경제통상학부 ,1404,search_open_yr_trm,sub,search_open_crse_cde대학,02,경상대학,14,경제통상학부 A,1404001,search_open_yr_trm,sub,search_open_crse_cde대학,02,경상대학,14,경제통상학부 B,1404002,search_open_yr_trm,sub,search_open_crse_cde대학,02,경상대학,14,경제통상학부 C,1404003,search_open_yr_trm,sub,search_open_crse_cde대학,02,경상대학,14,비즈니스인텔리전스융합전공 ,1407,search_open_yr_trm,sub,search_open_crse_cde대학,02,법과대학,15,법학부,1502,search_open_yr_trm,sub,search_open_crse_cde대학,02,공과대학,16,기계공학부 ,1601,search_open_yr_trm,sub,search_open_crse_cde대학,02,공과대학,16,기계공학부 A,1601001,search_open_yr_trm,sub,search_open_crse_cde대학,02,공과대학,16,기계공학부 B,1601002,search_open_yr_trm,sub,search_open_crse_cde대학,02,공과대학,16,기계공학부 C,1601003,search_open_yr_trm,sub,search_open_crse_cde대학,02,공과대학,16,기계공학부 기계공학전공,160101,search_open_yr_trm,sub,search_open_crse_cde대학,02,공과대학,16,기계공학부 기계설계학전공,160102,search_open_yr_trm,sub,search_open_crse_cde대학,02,공과대학,16,응용화학과 ,1603,search_open_yr_trm,sub,search_open_crse_cde대학,02,공과대학,16,화학공학과 ,1604,search_open_yr_trm,sub,search_open_crse_cde대학,02,공과대학,16,고분자공학과 ,1605,search_open_yr_trm,sub,search_open_crse_cde대학,02,공과대학,16,환경공학과 ,1606,search_open_yr_trm,sub,search_open_crse_cde대학,02,공과대학,16,섬유시스템공학과 ,1607,search_open_yr_trm,sub,search_open_crse_cde대학,02,공과대학,16,신소재공학부 A,1609001,search_open_yr_trm,sub,search_open_crse_cde대학,02,공과대학,16,신소재공학부 B,1609002,search_open_yr_trm,sub,search_open_crse_cde대학,02,공과대학,16,신소재공학부 금속신소재공학전공,160903,search_open_yr_trm,sub,search_open_crse_cde대학,02,공과대학,16,신소재공학부 전자재료공학전공,160904,search_open_yr_trm,sub,search_open_crse_cde대학,02,공과대학,16,토목공학과 ,160E,search_open_yr_trm,sub,search_open_crse_cde대학,02,공과대학,16,건축학부 ,160I,search_open_yr_trm,sub,search_open_crse_cde대학,02,공과대학,16,건축학부 건축공학전공,160I01,search_open_yr_trm,sub,search_open_crse_cde대학,02,공과대학,16,건축학부 건축학전공,160I02,search_open_yr_trm,sub,search_open_crse_cde대학,02,공과대학,16,건축·토목공학부 건축학전공,160K01,search_open_yr_trm,sub,search_open_crse_cde대학,02,공과대학,16,건축·토목공학부 건축공학전공,160K02,search_open_yr_trm,sub,search_open_crse_cde대학,02,공과대학,16,건축·토목공학부 토목공학전공,160K03,search_open_yr_trm,sub,search_open_crse_cde대학,02,공과대학,16,에너지공학부 ,1611,search_open_yr_trm,sub,search_open_crse_cde대학,02,공과대학,16,에너지공학부 신재생에너지전공,161101,search_open_yr_trm,sub,search_open_crse_cde대학,02,공과대학,16,에너지공학부 에너지변환전공,161102,search_open_yr_trm,sub,search_open_crse_cde대학,02,공과대학,16,응용화학공학부 A,1612001,search_open_yr_trm,sub,search_open_crse_cde대학,02,공과대학,16,응용화학공학부 B,1612002,search_open_yr_trm,sub,search_open_crse_cde대학,02,공과대학,16,응용화학공학부 응용화학전공,161201,search_open_yr_trm,sub,search_open_crse_cde대학,02,공과대학,16,응용화학공학부 화학공학전공,161202,search_open_yr_trm,sub,search_open_crse_cde대학,02,농업생명과학대학,17,농업토목공학과 ,1703,search_open_yr_trm,sub,search_open_crse_cde대학,02,농업생명과학대학,17,조경학과 ,1708,search_open_yr_trm,sub,search_open_crse_cde대학,02,농업생명과학대학,17,생물산업기계공학과 ,1709,search_open_yr_trm,sub,search_open_crse_cde대학,02,농업생명과학대학,17,농업경제학과 ,170A,search_open_yr_trm,sub,search_open_crse_cde대학,02,농업생명과학대학,17,응용생명과학부 ,170B,search_open_yr_trm,sub,search_open_crse_cde대학,02,농업생명과학대학,17,응용생명과학부 식물생명과학전공,170B01,search_open_yr_trm,sub,search_open_crse_cde대학,02,농업생명과학대학,17,응용생명과학부 환경생명화학전공,170B04,search_open_yr_trm,sub,search_open_crse_cde대학,02,농업생명과학대학,17,응용생명과학부 응용생물학전공,170B05,search_open_yr_trm,sub,search_open_crse_cde대학,02,농업생명과학대학,17,임학과 ,170C,search_open_yr_trm,sub,search_open_crse_cde대학,02,농업생명과학대학,17,임산공학과 ,170D,search_open_yr_trm,sub,search_open_crse_cde대학,02,농업생명과학대학,17,원예과학과 ,170O,search_open_yr_trm,sub,search_open_crse_cde대학,02,농업생명과학대학,17,식품공학부 ,170P,search_open_yr_trm,sub,search_open_crse_cde대학,02,농업생명과학대학,17,식품공학부 식품생물공학전공,170P01,search_open_yr_trm,sub,search_open_crse_cde대학,02,농업생명과학대학,17,식품공학부 식품소재공학전공,170P02,search_open_yr_trm,sub,search_open_crse_cde대학,02,농업생명과학대학,17,식품공학부 식품응용공학전공,170P03,search_open_yr_trm,sub,search_open_crse_cde대학,02,농업생명과학대학,17,바이오섬유소재학과 ,170Q,search_open_yr_trm,sub,search_open_crse_cde대학,02,농업생명과학대학,17,농산업학과 ,170R,search_open_yr_trm,sub,search_open_crse_cde대학,02,농업생명과학대학,17,산림과학.조경학부 ,170S,search_open_yr_trm,sub,search_open_crse_cde대학,02,농업생명과학대학,17,산림과학.조경학부 임학전공,170S01,search_open_yr_trm,sub,search_open_crse_cde대학,02,농업생명과학대학,17,산림과학.조경학부 임산공학전공,170S02,search_open_yr_trm,sub,search_open_crse_cde대학,02,농업생명과학대학,17,산림과학.조경학부 조경학전공,170S03,search_open_yr_trm,sub,search_open_crse_cde대학,02,농업생명과학대학,17,농업토목.생물산업공학부 ,170T,search_open_yr_trm,sub,search_open_crse_cde대학,02,농업생명과학대학,17,농업토목.생물산업공학부 농업토목공학전공,170T01,search_open_yr_trm,sub,search_open_crse_cde대학,02,농업생명과학대학,17,농업토목.생물산업공학부 생물산업기계공학전공,170T02,search_open_yr_trm,sub,search_open_crse_cde대학,02,농업생명과학대학,17,스마트팜공학융합전공 ,170U,search_open_yr_trm,sub,search_open_crse_cde대학,02,농업생명과학대학,17,생물정보학융합전공 ,170V,search_open_yr_trm,sub,search_open_crse_cde대학,02,사범대학,19,교육학과 ,1901,search_open_yr_trm,sub,search_open_crse_cde대학,02,사범대학,19,국어교육과 ,1902,search_open_yr_trm,sub,search_open_crse_cde대학,02,사범대학,19,영어교육과 ,1903,search_open_yr_trm,sub,search_open_crse_cde대학,02,사범대학,19,사회교육학부 역사교육전공,190601,search_open_yr_trm,sub,search_open_crse_cde대학,02,사범대학,19,사회교육학부 지리교육전공,190602,search_open_yr_trm,sub,search_open_crse_cde대학,02,사범대학,19,사회교육학부 일반사회교육전공,190603,search_open_yr_trm,sub,search_open_crse_cde대학,02,사범대학,19,사회교육학부 공통사회교육전공,190604,search_open_yr_trm,sub,search_open_crse_cde대학,02,사범대학,19,윤리교육과 ,1907,search_open_yr_trm,sub,search_open_crse_cde대학,02,사범대학,19,수학교육과 ,1908,search_open_yr_trm,sub,search_open_crse_cde대학,02,사범대학,19,과학교육학부 물리교육전공,190901,search_open_yr_trm,sub,search_open_crse_cde대학,02,사범대학,19,과학교육학부 화학교육전공,190902,search_open_yr_trm,sub,search_open_crse_cde대학,02,사범대학,19,과학교육학부 생물교육전공,190903,search_open_yr_trm,sub,search_open_crse_cde대학,02,사범대학,19,과학교육학부 지구과학교육전공,190904,search_open_yr_trm,sub,search_open_crse_cde대학,02,사범대학,19,과학교육학부 공통과학교육전공,190905,search_open_yr_trm,sub,search_open_crse_cde대학,02,사범대학,19,가정교육과 ,190A,search_open_yr_trm,sub,search_open_crse_cde대학,02,사범대학,19,가정교육과(기술.가정) 기술·가정교육전공,190B,search_open_yr_trm,sub,search_open_crse_cde대학,02,사범대학,19,체육교육과 ,190C,search_open_yr_trm,sub,search_open_crse_cde대학,02,사범대학,19,유럽어교육학부 독어교육전공,190D01,search_open_yr_trm,sub,search_open_crse_cde대학,02,사범대학,19,유럽어교육학부 불어교육전공,190D02,search_open_yr_trm,sub,search_open_crse_cde대학,02,사범대학,19,역사교육과 ,190E,search_open_yr_trm,sub,search_open_crse_cde대학,02,사범대학,19,지리교육과 ,190F,search_open_yr_trm,sub,search_open_crse_cde대학,02,사범대학,19,일반사회교육과 ,190G,search_open_yr_trm,sub,search_open_crse_cde대학,02,사범대학,19,물리교육과 ,190H,search_open_yr_trm,sub,search_open_crse_cde대학,02,사범대학,19,화학교육과 ,190I,search_open_yr_trm,sub,search_open_crse_cde대학,02,사범대학,19,생물교육과 ,190J,search_open_yr_trm,sub,search_open_crse_cde대학,02,사범대학,19,지구과학교육과 ,190K,search_open_yr_trm,sub,search_open_crse_cde대학,02,예술대학,18,음악학과 ,1801,search_open_yr_trm,sub,search_open_crse_cde대학,02,예술대학,18,국악학과 ,1803,search_open_yr_trm,sub,search_open_crse_cde대학,02,예술대학,18,미술학과 ,1804,search_open_yr_trm,sub,search_open_crse_cde대학,02,예술대학,18,디자인학과 ,1806,search_open_yr_trm,sub,search_open_crse_cde대학,02,의과대학,1F,의학과,1F01,search_open_yr_trm,sub,search_open_crse_cde대학,02,의과대학,1F,의예과,1F04,search_open_yr_trm,sub,search_open_crse_cde대학,02,치과대학,1G,치의학과,1G01,search_open_yr_trm,sub,search_open_crse_cde대학,02,치과대학,1G,치의예과,1G02,search_open_yr_trm,sub,search_open_crse_cde대학,02,수의과대학,1A,수의학과,1A01,search_open_yr_trm,sub,search_open_crse_cde대학,02,수의과대학,1A,수의예과,1A02,search_open_yr_trm,sub,search_open_crse_cde대학,02,생활과학대학,1B,의류학과,1B03,search_open_yr_trm,sub,search_open_crse_cde대학,02,생활과학대학,1B,식품영양학과,1B04,search_open_yr_trm,sub,search_open_crse_cde대학,02,생활과학대학,1B,아동학부,1B07,search_open_yr_trm,sub,search_open_crse_cde대학,02,생활과학대학,1B,아동학부,1B0701,search_open_yr_trm,sub,search_open_crse_cde대학,02,생활과학대학,1B,아동학부,1B0702,search_open_yr_trm,sub,search_open_crse_cde대학,02,자율전공부,1E,인문사회자율전공 ,1E01,search_open_yr_trm,sub,search_open_crse_cde대학,02,자율전공부,1E,인문사회자율전공 A,1E01001,search_open_yr_trm,sub,search_open_crse_cde대학,02,자율전공부,1E,인문사회자율전공 B,1E01002,search_open_yr_trm,sub,search_open_crse_cde대학,02,자율전공부,1E,인문사회자율전공 C,1E01003,search_open_yr_trm,sub,search_open_crse_cde대학,02,자율전공부,1E,인문사회자율전공 D,1E01004,search_open_yr_trm,sub,search_open_crse_cde대학,02,자율전공부,1E,자연과학자율전공 ,1E02,search_open_yr_trm,sub,search_open_crse_cde대학,02,자율전공부,1E,자연과학자율전공 E,1E02005,search_open_yr_trm,sub,search_open_crse_cde대학,02,자율전공부,1E,자연과학자율전공 F,1E02006,search_open_yr_trm,sub,search_open_crse_cde대학,02,간호대학,1C,간호학과,1C01,search_open_yr_trm,sub,search_open_crse_cde대학,02,IT대학,1O,전자공학부 ,1O01,search_open_yr_trm,sub,search_open_crse_cde대학,02,IT대학,1O,전자공학부 A,1O01001,search_open_yr_trm,sub,search_open_crse_cde대학,02,IT대학,1O,전자공학부 B,1O01002,search_open_yr_trm,sub,search_open_crse_cde대학,02,IT대학,1O,전자공학부 C,1O01003,search_open_yr_trm,sub,search_open_crse_cde대학,02,IT대학,1O,전자공학부 D,1O01004,search_open_yr_trm,sub,search_open_crse_cde대학,02,IT대학,1O,전자공학부 E,1O01005,search_open_yr_trm,sub,search_open_crse_cde대학,02,IT대학,1O,전자공학부 F,1O01006,search_open_yr_trm,sub,search_open_crse_cde대학,02,IT대학,1O,전자공학부 H,1O01007,search_open_yr_trm,sub,search_open_crse_cde대학,02,IT대학,1O,전자공학부 모바일공학전공,1O0101,search_open_yr_trm,sub,search_open_crse_cde대학,02,IT대학,1O,컴퓨터학부 ,1O02,search_open_yr_trm,sub,search_open_crse_cde대학,02,IT대학,1O,컴퓨터학부 글로벌소프트웨어융합전공,1O0204,search_open_yr_trm,sub,search_open_crse_cde대학,02,IT대학,1O,전기공학과 ,1O03,search_open_yr_trm,sub,search_open_crse_cde대학,02,IT대학,1O,빅데이터전공 ,1O06,search_open_yr_trm,sub,search_open_crse_cde대학,02,IT대학,1O,건설IT전공 ,1O07,search_open_yr_trm,sub,search_open_crse_cde대학,02,IT대학,1O,핀테크전공 ,1O08,search_open_yr_trm,sub,search_open_crse_cde대학,02,IT대학,1O,미디어아트전공 ,1O09,search_open_yr_trm,sub,search_open_crse_cde대학,02,글로벌인재학부,1P,글로벌인재학부,1P03,search_open_yr_trm,sub,search_open_crse_cde대학,02,약학대학,1Q,약학과,1Q01,search_open_yr_trm,sub,search_open_crse_cde대학,02,행정학부,1S,행정학부 ,1S01,search_open_yr_trm,sub,search_open_crse_cde대학,02,행정학부,1S,행정학부 공공관리전공,1S0101,search_open_yr_trm,sub,search_open_crse_cde대학,02,행정학부,1S,행정학부 공공정책전공,1S0102,search_open_yr_trm,sub,search_open_crse_cde대학,02,생태환경대학,1L,생태환경시스템학부 ,1L02,search_open_yr_trm,sub,search_open_crse_cde대학,02,생태환경대학,1L,생태환경시스템학부 산림환경자원전공,1L0201,search_open_yr_trm,sub,search_open_crse_cde대학,02,생태환경대학,1L,생태환경시스템학부 식물자원환경전공,1L0202,search_open_yr_trm,sub,search_open_crse_cde대학,02,생태환경대학,1L,축산학과 ,1L04,search_open_yr_trm,sub,search_open_crse_cde대학,02,생태환경대학,1L,레저스포츠학과 ,1L05,search_open_yr_trm,sub,search_open_crse_cde대학,02,생태환경대학,1L,생태환경관광학부 생물응용전공,1L0601,search_open_yr_trm,sub,search_open_crse_cde대학,02,생태환경대학,1L,생태환경관광학부 생태관광전공,1L0603,search_open_yr_trm,sub,search_open_crse_cde대학,02,생태환경대학,1L,해양학과 ,1L08,search_open_yr_trm,sub,search_open_crse_cde대학,02,생태환경대학,1L,축산생명공학과 ,1L09,search_open_yr_trm,sub,search_open_crse_cde대학,02,생태환경대학,1L,말/특수동물학과 ,1L10,search_open_yr_trm,sub,search_open_crse_cde대학,02,과학기술대학,1U,건설방재공학부 ,1U01,search_open_yr_trm,sub,search_open_crse_cde대학,02,과학기술대학,1U,건설방재공학부 건설방재공학전공,1U0101,search_open_yr_trm,sub,search_open_crse_cde대학,02,과학기술대학,1U,건설방재공학부 건설환경공학전공,1U0102,search_open_yr_trm,sub,search_open_crse_cde대학,02,과학기술대학,1U,정밀기계공학과 ,1U02,search_open_yr_trm,sub,search_open_crse_cde대학,02,과학기술대학,1U,자동차공학부 ,1U03,search_open_yr_trm,sub,search_open_crse_cde대학,02,과학기술대학,1U,자동차공학부 친환경자동차전공,1U0301,search_open_yr_trm,sub,search_open_crse_cde대학,02,과학기술대학,1U,자동차공학부 지능형자동차전공,1U0302,search_open_yr_trm,sub,search_open_crse_cde대학,02,과학기술대학,1U,산업전자공학과 ,1U05,search_open_yr_trm,sub,search_open_crse_cde대학,02,과학기술대학,1U,컴퓨터정보학부 컴퓨터시스템공학전공,1U0601,search_open_yr_trm,sub,search_open_crse_cde대학,02,과학기술대학,1U,컴퓨터정보학부 컴퓨터소프트웨어전공,1U0602,search_open_yr_trm,sub,search_open_crse_cde대학,02,과학기술대학,1U,나노소재공학부 ,1U07,search_open_yr_trm,sub,search_open_crse_cde대학,02,과학기술대학,1U,나노소재공학부 신소재공학전공,1U0701,search_open_yr_trm,sub,search_open_crse_cde대학,02,과학기술대학,1U,나노소재공학부 나노공학전공,1U0702,search_open_yr_trm,sub,search_open_crse_cde대학,02,과학기술대학,1U,나노소재공학부 에너지화공전공,1U0703,search_open_yr_trm,sub,search_open_crse_cde대학,02,과학기술대학,1U,식품외식산업학과 ,1U08,search_open_yr_trm,sub,search_open_crse_cde대학,02,과학기술대학,1U,섬유패션디자인학부 섬유공학전공,1U0A01,search_open_yr_trm,sub,search_open_crse_cde대학,02,과학기술대학,1U,섬유패션디자인학부 패션디자인전공,1U0A02,search_open_yr_trm,sub,search_open_crse_cde대학,02,과학기술대학,1U,융복합시스템공학부 ,1U0I,search_open_yr_trm,sub,search_open_crse_cde대학,02,과학기술대학,1U,융복합시스템공학부 항공위성시스템전공,1U0I01,search_open_yr_trm,sub,search_open_crse_cde대학,02,과학기술대학,1U,융복합시스템공학부 플랜트시스템전공,1U0I02,search_open_yr_trm,sub,search_open_crse_cde대학,02,과학기술대학,1U,치위생학과 ,1U0J,search_open_yr_trm,sub,search_open_crse_cde대학원,03,대학원,211,국어국문학과 ,21101,search_open_yr_trm,sub,search_open_crse_cde대학원,03,대학원,211,영어영문학과 ,21102,search_open_yr_trm,sub,search_open_crse_cde대학원,03,대학원,211,독어독문학과 ,21103,search_open_yr_trm,sub,search_open_crse_cde대학원,03,대학원,211,불어불문학과 ,21104,search_open_yr_trm,sub,search_open_crse_cde대학원,03,대학원,211,중어중문학과 ,21105,search_open_yr_trm,sub,search_open_crse_cde대학원,03,대학원,211,일어일문학과 ,21106,search_open_yr_trm,sub,search_open_crse_cde대학원,03,대학원,211,한문학과 ,21107,search_open_yr_trm,sub,search_open_crse_cde대학원,03,대학원,211,노어노문학과 ,21108,search_open_yr_trm,sub,search_open_crse_cde대학원,03,대학원,211,사학과 ,21109,search_open_yr_trm,sub,search_open_crse_cde대학원,03,대학원,211,철학과 ,2110A,search_open_yr_trm,sub,search_open_crse_cde대학원,03,대학원,211,고고인류학과 ,2110B,search_open_yr_trm,sub,search_open_crse_cde대학원,03,대학원,211,문학치료학과 ,2110C,search_open_yr_trm,sub,search_open_crse_cde대학원,03,대학원,211,정치학과 ,2110D,search_open_yr_trm,sub,search_open_crse_cde대학원,03,대학원,211,사회학과 ,2110E,search_open_yr_trm,sub,search_open_crse_cde대학원,03,대학원,211,지리학과 ,2110F,search_open_yr_trm,sub,search_open_crse_cde대학원,03,대학원,211,심리학과 ,2110G,search_open_yr_trm,sub,search_open_crse_cde대학원,03,대학원,211,문헌정보학과 ,2110H,search_open_yr_trm,sub,search_open_crse_cde대학원,03,대학원,211,신문방송학과 ,2110J,search_open_yr_trm,sub,search_open_crse_cde대학원,03,대학원,211,사회교육학과 ,2110K,search_open_yr_trm,sub,search_open_crse_cde대학원,03,대학원,211,기록학과 ,2110L,search_open_yr_trm,sub,search_open_crse_cde대학원,03,대학원,211,물리학과 ,2110O,search_open_yr_trm,sub,search_open_crse_cde대학원,03,대학원,211,화학과 ,2110P,search_open_yr_trm,sub,search_open_crse_cde대학원,03,대학원,211,지질학과 ,2110R,search_open_yr_trm,sub,search_open_crse_cde대학원,03,대학원,211,통계학과 ,2110S,search_open_yr_trm,sub,search_open_crse_cde대학원,03,대학원,211,천문대기과학과 ,2110T,search_open_yr_trm,sub,search_open_crse_cde대학원,03,대학원,211,과학교육학과 ,2110Y,search_open_yr_trm,sub,search_open_crse_cde대학원,03,대학원,211,경제학과 ,21112,search_open_yr_trm,sub,search_open_crse_cde대학원,03,대학원,211,무역학과 ,21113,search_open_yr_trm,sub,search_open_crse_cde대학원,03,대학원,211,법학과 ,21119,search_open_yr_trm,sub,search_open_crse_cde대학원,03,대학원,211,행정학과 ,2111A,search_open_yr_trm,sub,search_open_crse_cde대학원,03,대학원,211,기계공학과 ,2111F,search_open_yr_trm,sub,search_open_crse_cde대학원,03,대학원,211,전기공학과 ,2111J,search_open_yr_trm,sub,search_open_crse_cde대학원,03,대학원,211,정보보호학과 ,2111U,search_open_yr_trm,sub,search_open_crse_cde대학원,03,대학원,211,섬유시스템공학과 ,2111X,search_open_yr_trm,sub,search_open_crse_cde대학원,03,대학원,211,센서및디스플레이공학과 ,2111Y,search_open_yr_trm,sub,search_open_crse_cde대학원,03,대학원,211,원예학과 ,21124,search_open_yr_trm,sub,search_open_crse_cde대학원,03,대학원,211,임학과 ,21127,search_open_yr_trm,sub,search_open_crse_cde대학원,03,대학원,211,조경학과 ,2112B,search_open_yr_trm,sub,search_open_crse_cde대학원,03,대학원,211,생물산업기계공학과 ,2112D,search_open_yr_trm,sub,search_open_crse_cde대학원,03,대학원,211,농업경제학과 ,2112E,search_open_yr_trm,sub,search_open_crse_cde대학원,03,대학원,211,임산공학과 ,2112F,search_open_yr_trm,sub,search_open_crse_cde대학원,03,대학원,211,농업토목공학과 ,2112H,search_open_yr_trm,sub,search_open_crse_cde대학원,03,대학원,211,발효생물공학과 ,2112I,search_open_yr_trm,sub,search_open_crse_cde대학원,03,대학원,211,음악학과 ,2112O,search_open_yr_trm,sub,search_open_crse_cde대학원,03,대학원,211,미술학과 ,2112P,search_open_yr_trm,sub,search_open_crse_cde대학원,03,대학원,211,국악학과 ,2112Q,search_open_yr_trm,sub,search_open_crse_cde대학원,03,대학원,211,시각정보디자인학과 ,2112R,search_open_yr_trm,sub,search_open_crse_cde대학원,03,대학원,211,교육학과 ,2112S,search_open_yr_trm,sub,search_open_crse_cde대학원,03,대학원,211,체육학과 ,2112U,search_open_yr_trm,sub,search_open_crse_cde대학원,03,대학원,211,국어교육학과 ,2112V,search_open_yr_trm,sub,search_open_crse_cde대학원,03,대학원,211,영어교육학과 ,2112W,search_open_yr_trm,sub,search_open_crse_cde대학원,03,대학원,211,수학교육학과 ,2112X,search_open_yr_trm,sub,search_open_crse_cde대학원,03,대학원,211,의학과 ,2112Y,search_open_yr_trm,sub,search_open_crse_cde대학원,03,대학원,211,간호학과 ,2112Z,search_open_yr_trm,sub,search_open_crse_cde대학원,03,대학원,211,보건학과 ,21130,search_open_yr_trm,sub,search_open_crse_cde대학원,03,대학원,211,의용생체공학과 ,21132,search_open_yr_trm,sub,search_open_crse_cde대학원,03,대학원,211,치의학과 ,21134,search_open_yr_trm,sub,search_open_crse_cde대학원,03,대학원,211,수의학과 ,21135,search_open_yr_trm,sub,search_open_crse_cde대학원,03,대학원,211,아동가족학과 ,21137,search_open_yr_trm,sub,search_open_crse_cde대학원,03,대학원,211,의류학과 ,21138,search_open_yr_trm,sub,search_open_crse_cde대학원,03,대학원,211,식품영양학과 ,21139,search_open_yr_trm,sub,search_open_crse_cde대학원,03,대학원,211,가정교육학과 ,2113A,search_open_yr_trm,sub,search_open_crse_cde대학원,03,대학원,211,수학부 ,2113B,search_open_yr_trm,sub,search_open_crse_cde대학원,03,대학원,211,생명과학부 ,2113C,search_open_yr_trm,sub,search_open_crse_cde대학원,03,대학원,211,경영학부 ,2113D,search_open_yr_trm,sub,search_open_crse_cde대학원,03,대학원,211,신소재공학부 금속신소재공학전공,2113G03,search_open_yr_trm,sub,search_open_crse_cde대학원,03,대학원,211,신소재공학부 전자재료공학전공,2113G04,search_open_yr_trm,sub,search_open_crse_cde대학원,03,대학원,211,기능물질공학과 ,2113I,search_open_yr_trm,sub,search_open_crse_cde대학원,03,대학원,211,응용생명과학부 농학전공,2113K01,search_open_yr_trm,sub,search_open_crse_cde대학원,03,대학원,211,응용생명과학부 농화학전공,2113K02,search_open_yr_trm,sub,search_open_crse_cde대학원,03,대학원,211,응용생명과학부 농생물학전공,2113K03,search_open_yr_trm,sub,search_open_crse_cde대학원,03,대학원,211,디지털미디어아트학과 ,2113L,search_open_yr_trm,sub,search_open_crse_cde대학원,03,대학원,211,로봇공학과 ,2113N,search_open_yr_trm,sub,search_open_crse_cde대학원,03,대학원,211,나노과학기술학과 ,2113O,search_open_yr_trm,sub,search_open_crse_cde대학원,03,대학원,211,의과학과 ,2113P,search_open_yr_trm,sub,search_open_crse_cde대학원,03,대학원,211,모바일통신공학과 ,2113Q,search_open_yr_trm,sub,search_open_crse_cde대학원,03,대학원,211,기후변화학과 ,2113S,search_open_yr_trm,sub,search_open_crse_cde대학원,03,대학원,211,공간정보학과 ,2113U,search_open_yr_trm,sub,search_open_crse_cde대학원,03,대학원,211,치의과학과 ,2113V,search_open_yr_trm,sub,search_open_crse_cde대학원,03,대학원,211,약학과 ,2113W,search_open_yr_trm,sub,search_open_crse_cde대학원,03,대학원,211,생태과학과 ,2113X,search_open_yr_trm,sub,search_open_crse_cde대학원,03,대학원,211,축산BT학과 ,2113Y,search_open_yr_trm,sub,search_open_crse_cde대학원,03,대학원,211,자동차공학과 ,2113Z,search_open_yr_trm,sub,search_open_crse_cde대학원,03,대학원,211,윤리교육학과 ,21140,search_open_yr_trm,sub,search_open_crse_cde대학원,03,대학원,211,바이오섬유소재학과 ,21141,search_open_yr_trm,sub,search_open_crse_cde대학원,03,대학원,211,생태환경시스템학과 ,21143,search_open_yr_trm,sub,search_open_crse_cde대학원,03,대학원,211,섬유패션디자인학과 ,21145,search_open_yr_trm,sub,search_open_crse_cde대학원,03,대학원,211,식품외식산업학과 ,21146,search_open_yr_trm,sub,search_open_crse_cde대학원,03,대학원,211,건설방재공학과 ,21147,search_open_yr_trm,sub,search_open_crse_cde대학원,03,대학원,211,정밀기계공학과 ,21149,search_open_yr_trm,sub,search_open_crse_cde대학원,03,대학원,211,나노소재공학과 ,21150,search_open_yr_trm,sub,search_open_crse_cde대학원,03,대학원,211,레저스포츠학과 ,21151,search_open_yr_trm,sub,search_open_crse_cde대학원,03,대학원,211,전자공학부 ,21152,search_open_yr_trm,sub,search_open_crse_cde대학원,03,대학원,211,전자공학부 제어시스템전공,2115201,search_open_yr_trm,sub,search_open_crse_cde대학원,03,대학원,211,컴퓨터학부 ,21153,search_open_yr_trm,sub,search_open_crse_cde대학원,03,대학원,211,식품공학부 식품생물공학전공,2115401,search_open_yr_trm,sub,search_open_crse_cde대학원,03,대학원,211,식품공학부 식품소재공학전공,2115402,search_open_yr_trm,sub,search_open_crse_cde대학원,03,대학원,211,식품공학부 식품응용공학전공,2115403,search_open_yr_trm,sub,search_open_crse_cde대학원,03,대학원,211,융합소프트웨어학과 ,21155,search_open_yr_trm,sub,search_open_crse_cde대학원,03,대학원,211,건축학과 ,21156,search_open_yr_trm,sub,search_open_crse_cde대학원,03,대학원,211,건설환경에너지공학부 건축공학전공,2115701,search_open_yr_trm,sub,search_open_crse_cde대학원,03,대학원,211,건설환경에너지공학부 토목공학전공,2115702,search_open_yr_trm,sub,search_open_crse_cde대학원,03,대학원,211,건설환경에너지공학부 환경에너지공학전공,2115703,search_open_yr_trm,sub,search_open_crse_cde대학원,03,대학원,211,응용화학공학부 응용화학전공,2115801,search_open_yr_trm,sub,search_open_crse_cde대학원,03,대학원,211,응용화학공학부 화학공학전공,2115802,search_open_yr_trm,sub,search_open_crse_cde대학원,03,대학원,211,응용화학공학부 고분자공학전공,2115803,search_open_yr_trm,sub,search_open_crse_cde대학원,03,대학원,211,FTA통상학과 ,21159,search_open_yr_trm,sub,search_open_crse_cde대학원,03,대학원,211,조사통계학과 ,21160,search_open_yr_trm,sub,search_open_crse_cde대학원,03,대학원,211,사회복지학부 사회복지정책및행정전공,2116101,search_open_yr_trm,sub,search_open_crse_cde대학원,03,대학원,211,사회복지학부 사회복지실천전공,2116102,search_open_yr_trm,sub,search_open_crse_cde대학원,03,대학원,211,식량안보및농업개발학과 ,21162,search_open_yr_trm,sub,search_open_crse_cde대학원,03,대학원,211,해양학과 ,21163,search_open_yr_trm,sub,search_open_crse_cde대학원,03,대학원,211,소프트웨어학과 ,21164,search_open_yr_trm,sub,search_open_crse_cde대학원,03,대학원,211,고전번역학과 ,21165,search_open_yr_trm,sub,search_open_crse_cde대학원,03,교육대학원,222,교육대학원교직,0P,search_open_yr_trm,sub,search_open_crse_cde대학원,03,교육대학원,222, 교육철학전공,2220002,search_open_yr_trm,sub,search_open_crse_cde대학원,03,교육대학원,222, 교육행정전공,2220003,search_open_yr_trm,sub,search_open_crse_cde대학원,03,교육대학원,222, 상담심리전공,2220005,search_open_yr_trm,sub,search_open_crse_cde대학원,03,교육대학원,222, 교육과정및교육공학전공,2220008,search_open_yr_trm,sub,search_open_crse_cde대학원,03,교육대학원,222, 교육사회및평생교육전공,2220009,search_open_yr_trm,sub,search_open_crse_cde대학원,03,교육대학원,222, 국어교육전공,222000A,search_open_yr_trm,sub,search_open_crse_cde대학원,03,교육대학원,222, 한문교육전공,222000B,search_open_yr_trm,sub,search_open_crse_cde대학원,03,교육대학원,222, 영어교육전공,222000C,search_open_yr_trm,sub,search_open_crse_cde대학원,03,교육대학원,222, 독어교육전공,222000D,search_open_yr_trm,sub,search_open_crse_cde대학원,03,교육대학원,222, 불어교육전공,222000E,search_open_yr_trm,sub,search_open_crse_cde대학원,03,교육대학원,222, 일어교육전공,222000F,search_open_yr_trm,sub,search_open_crse_cde대학원,03,교육대학원,222, 역사교육전공,222000G,search_open_yr_trm,sub,search_open_crse_cde대학원,03,교육대학원,222, 지리교육전공,222000H,search_open_yr_trm,sub,search_open_crse_cde대학원,03,교육대학원,222, 간호교육전공,222000I,search_open_yr_trm,sub,search_open_crse_cde대학원,03,교육대학원,222, 일반사회교육전공,222000J,search_open_yr_trm,sub,search_open_crse_cde대학원,03,교육대학원,222, 윤리교육전공,222000L,search_open_yr_trm,sub,search_open_crse_cde대학원,03,교육대학원,222, 수학교육전공,222000N,search_open_yr_trm,sub,search_open_crse_cde대학원,03,교육대학원,222, 물리교육전공,222000O,search_open_yr_trm,sub,search_open_crse_cde대학원,03,교육대학원,222, 화학교육전공,222000P,search_open_yr_trm,sub,search_open_crse_cde대학원,03,교육대학원,222, 생물교육전공,222000Q,search_open_yr_trm,sub,search_open_crse_cde대학원,03,교육대학원,222, 지구과학교육전공,222000S,search_open_yr_trm,sub,search_open_crse_cde대학원,03,교육대학원,222, 가정교육전공,222000T,search_open_yr_trm,sub,search_open_crse_cde대학원,03,교육대학원,222, 체육교육전공,222000U,search_open_yr_trm,sub,search_open_crse_cde대학원,03,교육대학원,222, 농업교육전공,222000V,search_open_yr_trm,sub,search_open_crse_cde대학원,03,교육대학원,222, 기술교육전공,222000X,search_open_yr_trm,sub,search_open_crse_cde대학원,03,교육대학원,222, 음악교육전공,222000Y,search_open_yr_trm,sub,search_open_crse_cde대학원,03,교육대학원,222, 미술교육전공,222000Z,search_open_yr_trm,sub,search_open_crse_cde대학원,03,교육대학원,222, 영양교육전공,2220011,search_open_yr_trm,sub,search_open_crse_cde대학원,03,교육대학원,222, 중국어교육전공,2220012,search_open_yr_trm,sub,search_open_crse_cde대학원,03,교육대학원,222, 교육심리및교육평가전공,2220019,search_open_yr_trm,sub,search_open_crse_cde대학원,03,행정대학원,223,행정대학원,223,search_open_yr_trm,sub,search_open_crse_cde대학원,03,행정대학원,223, 지방자치전공,2230005,search_open_yr_trm,sub,search_open_crse_cde대학원,03,행정대학원,223, 공공관리전공,2230008,search_open_yr_trm,sub,search_open_crse_cde대학원,03,행정대학원,223, 정책.도시전공,2230009,search_open_yr_trm,sub,search_open_crse_cde대학원,03,행정대학원,223, 법무.안전전공,223000A,search_open_yr_trm,sub,search_open_crse_cde대학원,03,경영대학원,224, 경영학전공,224000D,search_open_yr_trm,sub,search_open_crse_cde대학원,03,보건대학원,225,역학및건강증진학과 ,22504,search_open_yr_trm,sub,search_open_crse_cde대학원,03,보건대학원,225,보건관리학과 ,22505,search_open_yr_trm,sub,search_open_crse_cde대학원,03,산업대학원,226,산업공학과 회로및시스템전공,2260102,search_open_yr_trm,sub,search_open_crse_cde대학원,03,산업대학원,226,산업공학과 제어및계측공학전공,2260103,search_open_yr_trm,sub,search_open_crse_cde대학원,03,산업대학원,226,산업공학과 통신공학전공,2260104,search_open_yr_trm,sub,search_open_crse_cde대학원,03,산업대학원,226,산업공학과 반도체공학전공,2260106,search_open_yr_trm,sub,search_open_crse_cde대학원,03,산업대학원,226,산업공학과 컴퓨터공학전공,2260108,search_open_yr_trm,sub,search_open_crse_cde대학원,03,산업대학원,226,산업공학과 기계공학전공,2260109,search_open_yr_trm,sub,search_open_crse_cde대학원,03,산업대학원,226,산업공학과 금속신소재공학전공,226010C,search_open_yr_trm,sub,search_open_crse_cde대학원,03,산업대학원,226,산업공학과 건축공학전공,226010D,search_open_yr_trm,sub,search_open_crse_cde대학원,03,산업대학원,226,산업공학과 토목공학전공,226010E,search_open_yr_trm,sub,search_open_crse_cde대학원,03,산업대학원,226,산업공학과 전기공학전공,226010F,search_open_yr_trm,sub,search_open_crse_cde대학원,03,산업대학원,226,산업공학과 화학공학전공,226010G,search_open_yr_trm,sub,search_open_crse_cde대학원,03,산업대학원,226,산업공학과 고분자공학전공,226010H,search_open_yr_trm,sub,search_open_crse_cde대학원,03,산업대학원,226,산업공학과 무기재료공학전공,226010I,search_open_yr_trm,sub,search_open_crse_cde대학원,03,산업대학원,226,산업공학과 환경공학전공,226010K,search_open_yr_trm,sub,search_open_crse_cde대학원,03,산업대학원,226,산업공학과 기술정책전공,226010L,search_open_yr_trm,sub,search_open_crse_cde대학원,03,산업대학원,226,산업공학과 응용화학전공,226010M,search_open_yr_trm,sub,search_open_crse_cde대학원,03,산업대학원,226,산업공학과 섬유시스템공학전공,226010O,search_open_yr_trm,sub,search_open_crse_cde대학원,03,국제대학원,228,국제학과 국제정치학전공,2280103,search_open_yr_trm,sub,search_open_crse_cde대학원,03,국제대학원,228,지역학과 일본학전공,2280205,search_open_yr_trm,sub,search_open_crse_cde대학원,03,국제대학원,228,지역학과 중국학전공,2280206,search_open_yr_trm,sub,search_open_crse_cde대학원,03,국제대학원,228,지역학과 미국학전공,2280207,search_open_yr_trm,sub,search_open_crse_cde대학원,03,국제대학원,228,지역학과 북한학전공,2280208,search_open_yr_trm,sub,search_open_crse_cde대학원,03,국제대학원,228,국제문화학과 한국문화학전공,2280301,search_open_yr_trm,sub,search_open_crse_cde대학원,03,국제대학원,228,국제문화학과 다문화학전공,2280302,search_open_yr_trm,sub,search_open_crse_cde대학원,03,국제대학원,228,국제문화학과 외국어로서의한국어교육전공,2280303,search_open_yr_trm,sub,search_open_crse_cde대학원,03,농업생명융합대학원,22G, 농업자원학전공,22G0001,search_open_yr_trm,sub,search_open_crse_cde대학원,03,농업생명융합대학원,22G, 식품산업공학전공,22G0002,search_open_yr_trm,sub,search_open_crse_cde대학원,03,농업생명융합대학원,22G, 농업공학전공,22G0003,search_open_yr_trm,sub,search_open_crse_cde대학원,03,농업생명융합대학원,22G, 농촌개발전공,22G0004,search_open_yr_trm,sub,search_open_crse_cde대학원,03,농업생명융합대학원,22G, 농산물안전성학전공,22G0005,search_open_yr_trm,sub,search_open_crse_cde대학원,03,농업생명융합대학원,22G, 환경조경학전공,22G0007,search_open_yr_trm,sub,search_open_crse_cde대학원,03,농업생명융합대학원,22G, 농업정책및유통전공,22G0009,search_open_yr_trm,sub,search_open_crse_cde대학원,03,정책정보대학원,229, 사회정책및NGO전공,2290002,search_open_yr_trm,sub,search_open_crse_cde대학원,03,정책정보대학원,229, 도시및지역개발전공,2290003,search_open_yr_trm,sub,search_open_crse_cde대학원,03,정책정보대학원,229, 언론홍보전공,2290005,search_open_yr_trm,sub,search_open_crse_cde대학원,03,정책정보대학원,229, 커뮤니티및사이버심리전공,2290006,search_open_yr_trm,sub,search_open_crse_cde대학원,03,정책정보대학원,229, 정치리더십전공,2290008,search_open_yr_trm,sub,search_open_crse_cde대학원,03,정책정보대학원,229, 사회복지실천전공,2290009,search_open_yr_trm,sub,search_open_crse_cde대학원,03,정책정보대학원,229, 사회복지정책및행정전공,229000A,search_open_yr_trm,sub,search_open_crse_cde대학원,03,정책정보대학원,229, 디지털정보관리전공,229000B,search_open_yr_trm,sub,search_open_crse_cde대학원,03,수사과학대학원,22A,법정의학과 ,22A01,search_open_yr_trm,sub,search_open_crse_cde대학원,03,수사과학대학원,22A,법의간호학과 ,22A02,search_open_yr_trm,sub,search_open_crse_cde대학원,03,수사과학대학원,22A,과학수사학과 ,22A03,search_open_yr_trm,sub,search_open_crse_cde대학원,03,과학기술대학원,22F, 사회복지학전공,22F0002,search_open_yr_trm,sub,search_open_crse_cde대학원,03,과학기술대학원,22F, 생물응용학전공,22F0003,search_open_yr_trm,sub,search_open_crse_cde대학원,03,과학기술대학원,22F, 축산학전공,22F0004,search_open_yr_trm,sub,search_open_crse_cde대학원,03,과학기술대학원,22F, 식물생명과학전공,22F0005,search_open_yr_trm,sub,search_open_crse_cde대학원,03,과학기술대학원,22F, 산림환경자원학전공,22F0007,search_open_yr_trm,sub,search_open_crse_cde대학원,03,과학기술대학원,22F, 토목공학전공,22F0008,search_open_yr_trm,sub,search_open_crse_cde대학원,03,과학기술대학원,22F, 수송기계공학전공,22F000C,search_open_yr_trm,sub,search_open_crse_cde대학원,03,과학기술대학원,22F, 화학공학전공,22F000G,search_open_yr_trm,sub,search_open_crse_cde대학원,03,과학기술대학원,22F, 컴퓨터공학전공,22F000H,search_open_yr_trm,sub,search_open_crse_cde대학원,03,과학기술대학원,22F, 건설환경공학전공,22F000J,search_open_yr_trm,sub,search_open_crse_cde대학원,03,과학기술대학원,22F, 의상디자인전공,22F000K,search_open_yr_trm,sub,search_open_crse_cde대학원,03,과학기술대학원,22F, 체육학전공,22F000L,search_open_yr_trm,sub,search_open_crse_cde대학원,03,과학기술대학원,22F, 정밀기계공학전공,22F000M,search_open_yr_trm,sub,search_open_crse_cde대학원,03,과학기술대학원,22F, 산업전자공학전공,22F000N,search_open_yr_trm,sub,search_open_crse_cde대학원,03,과학기술대학원,22F, 컴퓨터소프트웨어전공,22F000O,search_open_yr_trm,sub,search_open_crse_cde대학원,03,과학기술대학원,22F, 융복합시스템공학전공,22F000P,search_open_yr_trm,sub,search_open_crse_cde대학원,03,과학기술대학원,22F, 식품외식산업학전공,22F000R,search_open_yr_trm,sub,search_open_crse_cde대학원,03,과학기술대학원,22F, 섬유.신소재공학전공,22F000S,search_open_yr_trm,sub,search_open_crse_cde전문대학원,04,치의학전문대학원,23B,치의학과 ,23B01,search_open_yr_trm,sub,search_open_crse_cde전문대학원,04,의학전문대학원,23C,의학과 ,23C01,search_open_yr_trm,sub,search_open_crse_cde전문대학원,04,법학전문대학원,23D,법학과,23D01,search_open_yr_trm,sub,search_open_crse_cde,,,,,,,,,,,,,,,,,,,,,,,,,,,,,,,,